type,case_submitter_id,patient_filename,ajcc_pathologic_t,T14,ajcc_pathologic_n,N03,text,rag_reasoning,rag_stage
CESC,TCGA-2W-A8YY,TCGA-2W-A8YY.C24A4F00-23CD-44A4-B8B3-580A9CEAB16A,T2a2,1.0,N0,0.0,"Result date: Surgical Procedure. Contributor system: Surgical Procedure. SPECIMENS SUBMITTED: A. UTERUS, CERVIX, BILATERAL TUBES AND OVARIES. B. RIGHT PELVIC LYMPH NODE. C. LEFT PELVIC LYMPH NODE. D. RIGHT PERIAORTIC LYMPH NODE. E. SIGMOID ADHESION. DIAGNOSIS: A. UTERUS WITH CERVIX (260 GRAMS) , BILATERAL OVARIES AND FALLOPIAN. TUBES;. HYSTERECTOMY /SALPINGO-OOPHORECTOMY: ADENOSQUAMOUS CARCINOMA, INVASIVE. HISTOLOGIC GRADE: G3 = HIGH GRADE. MACROSCOPIC TUMOR SIZE: \R\8 CM (CIRCUMFERENTIAL. INVOLVEMENT;. MEASUREMENT ESTIMATED FROM CONSECUTIVE TUMOR SECTIONS OF CERVIX). TUMOR SITE: TUMOR CIRCUMFERENTIALLY INVOLVES UPPER CERVIX. STROMAL INVASION. DEPTH OF INVASION: 1.2 CM (12 mm) . HORIZONTAL SPREAD: COMPLETE CIRCUMFERENTIAL SPREAD. EXTENSION TO CORPUS: YES, EXTENSIVE AND TRANSMURAL. INMULTIPLE SECTIONS WITH ERODED ENDOMETRIUM. ADDITIONAL STRUCTURES POSITIVE FOR INVASION: NONE. ADDITIONAL STRUCTURES WITHOUT INVASION: NOT APPLICABLE. LYMPH-VASCULAR INVASION: POSITIVE IN CERVICAL LYMPHATICS. AND PARAMETRIAL VEIN. MARGINS: SOFT TISSUE: POSTERIOR SEROSA OF UTERINE BODY POSITIVE FOR. TUMOR. DISTAL MUCOSA: NEGATIVE. REGIONAL LYMPH NODES : NODE SITES NEGATIVE FOR METASTASIS: SEE BELOW. NODES SITES POSITIVE FOR METASTASIS: 0. TOTAL LYMPH NODE COUNT: 0/18 (POSITIVE/TOTAL). OTHER FINDINGS: NONE. PATHOLOGIC STAGE: T2a2/NO FIGO IIA2 BY AJCC CANCER STAGNING. MANUAL, 7TH ED. B. LYMPH NODE, RIGHT PELVIC; EXCISION: FIVE REACTIVE LYMPH NODES, NEGATIVE FOR TUMOR (0/5). C. LYMPH NODE, LEFT PELVIC; EXCISION: TEN REACTIVE LYMPH NODES NEGATIVE FOR TUMOR (0/10). D. LYMPH NODES, RIGHT PERIAORTIC; EXCISION: THREE REACTIVE LYMPH NODES, NEGATIVE FOR TUMOR (0/3) . E. SOFT TISSUE, SIGMOID ADHESIONS; EXCISION: FIBROUS CONNECTIVE TISSUE NEGATIVE FOR TUMOR. COMMENT: Immunohistochemical stains performed with appropriately reactive controls. for vimentin, p16, ER, and CEA are consistent with the above diagnosis. Tumor cells patchily express p16 and CEA with no reactivity for ER or. vimentin. REVIEWED BY: INTRAOPERATIVE DIAGNOSIS: FSA: Uterus: Extensive necrotic tumor, uterus and cervix. Gross. examination only. CLINICAL INFORMATION: stage 1 B2 adenosquamous. carcinoma of the cervix. GROSS DESCRIPTION: Number of specimen containers: five, each labeled with. patient name. and MRN. A. Container designation: ""uterus, cervix, bilateral tubes and ovaries"". -- Received unfixed is a radical hysterectomy specimen consisting of. uterus, cervix, attached bilateral adnexa and parametrial tissue weighing. 260 gm, measuring 13.5 X 6.5 X 6.0 cm. The anterior serosa is smooth, the. posterior serosa demonstrates a firm subserosal yellow-gray mass in the. body measuring 4.5 X 2.9 X 1.0 cm. Surfacing the serosa and the mass is a. 1.0 X 0.8 X 0.6 cm cystic structure occupied by clear watery fluid. The. posterior serosa and soft tissue margins are inked. The ectocervix is. pink-tan with purpuric changes surrounding the os 1.0 cm (tumor?) and an. anterior/posterior vaginal identified 1.0 and 0.8 cm in length,. respectively. Sectioning of the anterior cervix at the os is grossly. unremarkable, however, the tumor extends from within 0.9 cm of the. anterior cervical os to the fundus and appears full thickness in the lower. uterine segment and body. The posterior aspect is similar in appearance. to that of the anterior aspect. Sectioning of the tumor demonstrates a. yellow-gray purulent appearance with prominent necrosis. Representative. sections of tumor and normal are submitted to. The right ovary. measures 2.2 X 1.5 X 1.0 cm and sectioning demonstrates a thickened cortex. and pink-tan mottled stroma. The pink-tan fallopian tube with fimbriated. end measures 5.5 cm in length, 0.6 cm in external diameter and sectioning. demonstrates a pink-tan mottled stroma. The left ovary measures 3.0 X 1.5. X 1.0 cm and sectioning demonstrates a pink-tan mottled stroma. The. corresponding pink-tan fallopian tube with fimbriated end measures 6.0 cm. in length, 0.5 cm in external diameter and sectioning demonstrates a. pinpoint lumen. Sections are submitted as follows: cassette A1-posterior. body, serosa with nodule extruding; cassette A2-representative. anterior/posterior vaginal cuff (anterior inked red, posterior green) ; A3-. anterior cervix and ectocervix full thickness; cassette A4-anterior. endocervical canal full thickness; cassette A5-posterior cervix full. thickness with ectocervix; cassette A6-posterior endocervical canal;. cassette A7-anterior body; cassette. A8-posterior body full thickness; cassette A9-anterior fundus full. thickness; cassette A10-posterior fundus full thickness; cassette A11-. representative right ovary and fallopian tube; cassette A12-representative. left ovary and fallopian tube; cassette A13-parametrial tissue right. lateral wall; cassette A144-representative parametrial tissue left lateral. wall. B. Container designation: ""Right pelvic lymph node"" - Received are. multiple portions of fat aggregating to 3.5 X 3 X 1.5 cm. Five possible. lymph nodes are identified upon sectioning, the largest measuring 1.7 cm. The lymph nodes are entirely submitted as follows: B1-B5-one bisected. lymph node in each. C. Container designation: ""Left pelvic lymph node"" - Received are. multiple portions of fat aggregating to 4 X 3 X 1 cm. Eight possible. lymph nodes are identified upon sectioning, the largest measuring 1.5 cm. The lymph nodes are entirely submitted as follows: C1-four lymph nodes in. toto, C2-C4-one bisected lymph node in each, C5-four possible lymph nodes. in toto. D. Container designation: ""Right periaortic lymph node"" - Received are. three lymph nodes, the largest measuring 2 X 0.7 X 0.2 cm. The lymph. nodes are entirely submitted from D1 to D3, each containing one bisected. lymph node. E. Container designation: ""Sigmoid adhesion"" - Received is a portion of. gray-tan membranous tissue measuring 2 X 0.6 X 0.1 cm, bisected and. entirely submitted in E1. (Dictated by: MICROSCOPIC DESCRIPTION: Histologic examination performed. Any tests performed using Analytic Specific Reagents (ASR) were developed. and validated by. The U.S. Food and Drug. Administration has not approved these tests but has determined that such. clearance or approval is not necessary. These tests should be regarded. as a clinical assay for standard medical care. The. was present during the formal review and. interpretation of all slides and ancillary studies, (if performed), with. the. Specimens with only gross examination. were reviewed and interpreted by the.","The pathology report provides the information needed to determine the N stage according to the AJCC Cancer Staging Manual (7th edition) for Cervical Squamous Cell Carcinoma and Endocervical Adenocarcinoma. The N stage is based on the presence and extent of regional lymph node metastasis. The report includes the examination of right pelvic lymph node, left pelvic lymph node, and right periaortic lymph node. 

1. Examination of right pelvic lymph node: Five reactive lymph nodes, negative for tumor (0/5). 
2. Examination of left pelvic lymph node: Ten reactive lymph nodes, negative for tumor (0/10). 
3. Examination of right periaortic lymph node: Three reactive lymph nodes, negative for tumor (0/3). 

Since there is no evidence of regional lymph node metastasis in any of the examined lymph nodes, the N stage for this patient is N0.",N0
CESC,TCGA-4J-AA1J,TCGA-4J-AA1J.A052742F-3CD5-4881-B004-A7E13ECDC9C2,T1b2,0.0,N0,0.0,"years/F. Procedure: Total abdominal hysterectomy, bilateral parametrial lymph node dissection. Preoperative diagnosis: CANCER OF THE CERVIX UTERI. Postoperative diagnosis: SEE MICROSCOPIC DIAGNOSIS BELOW. Specimen(s): 1. CORPUS AND CERVIX UTERI 2. RIGHT PARAMETRIAL LYMPH. NODES 3. LEFT PARAMETRIAL LYMPH NODES. Diagnosis: 1. CORPUS AND CERVIX UTERI: Moderately to poorly differentiated squamous cell carcinoma. Maximal depth of invasion is 3.5 cm. Vascular invasion is present. Vaginal resection margin is free of tumor. Early pregnancy. 2. RIGHT PARAMETRIAL LYMPH NODES: - All (eight) lymph nodes are negative for metastatic carcinoma. 3. LEFT PARAMETRIAL LYMPH NODES: All (seven) lymph nodes are negative for metastatic carcinoma. Gross description: 1. CORPUS AND CERVIX UTERI: Received fresh, is a uterus. In the cervix there is an ulcerated gray tumor 6.0 x 6.0 x 3.5 cm in. dimensions that invades more than one-half of the cervical wall. In the uterine cavity there are. male twins. 2. RIGHT PARAMETRIAL LYMPH NODES: Received fresh, is a portion of adipose tissue with eight lymph nodes to 1.0 cm in greatest. dimension. 3. LEFT PARAMETRIAL LYMPH NODES: Received fresh, is a portion of adipose tissue with seven lymph nodes to 1.0 cm in greatest. dimension.","Based on the information provided in the pathology report and the AJCC Cancer Staging Manual (7th edition), we can determine the N stage for this patient with cervical squamous cell carcinoma and endocervical adenocarcinoma. The N stage is based on the presence and extent of regional lymph node metastasis.  

1. The pathology report states that all lymph nodes from both the right and left parametrial lymph node dissection were negative for metastatic carcinoma. 

2. According to the AJCC Cancer Staging Manual (7th edition), N0 indicates no regional lymph node metastasis. 

3. Therefore, the final predicted N stage for this patient is N0.",N0
CESC,TCGA-BI-A0VR,TCGA-BI-A0VR.BA4A1AA9-C1C7-4F84-A375-02B51FB95494,T2b,1.0,N1,1.0,"FINAL DIAGNOSIS: PART 1: OVARY AND FALLOPIAN TUBE, LEFT SALPINGO-OOPHORECTOMY- -. A. OVARY WITH EPITHELIAL INCLUSIONS, NO TUMOR SEEN. B. FALLOPIAN TUBE, NO TUMOR SEEN. PART 2: LYMPH NODES, LEFT PELVIC, BIOPSY -. TWO LYMPH NODES, FREE OF TUMOR (0/2). PART 3: LYMPH NODES, LEFT OBTURATOR, BIOPSY -. THIRTEEN LYMPH NODES, FREE OF TUMOR (0/13). PART 4: LYMPH NODES, RIGHT PELVIC, BIOPSY -. TWO LYMPH NODES, FREE OF TUMOR (0/2). PART 5: LYMPH NODE, RIGHT OBTURATOR, BIOPSY -. ONE LYMPH NODE, FREE OF TUMOR (0/1). PART 6: BROAD LIGAMENT, RIGHT, BIOPSY -. FIBROVASCULAR ADIPOSE TISSUE, NO TUMOR SEEN. PART 7: LYMPH NODES, LEFT PERIAORTIC, BIOPSY -. TEN LYMPH NODES, FREE OF TUMOR (0/10). PART 8: LYMPH NODES, RIGHT PERIAORTIC, BIOPSY -. THREE LYMPH NODES, FREE OF TUMOR (0/3). PART 9: LYMPH NODES, RIGHT COMMON, BIOPSY -. TWO LYMPH NODES, FREE OF TUMOR (0/2). PART 10: UTERUS WITH BOTH PERIMETRIA, RADICAL HYSTERECTOMY (92 GRAMS) -. A. UTERINE CERVIX WITH INVASIVE SQUAMOUS CELL CARCINOMA (10A-10E, 10G AND 10P), HIGH NUCLEAR. GRADE (3/3), WITH LYMPHOVASCULAR PERMEATION. 2.5 X 1.8 X 1.5 CM. THE TUMOR ARISES IN A. BACKGROUND OF CERVICAL INTRAEPITHELIAL NEOPLASIA 3, EXTENDS FROM 3 O'CLOCK TO 9. O'CLOCK AND INVOLVES THE POSTERIOR CERVIX. THE TUMOR COMES TO WITHIN 1.5 MM FROM THE. NEAREST POSTERIOR RESECTION MARGIN (AT THE 6 O'CLOCK POSITION -10A). B. CHRONIC CYSTIC CERVICITIS. C. CHANGES CONSISTENT WITH PREVIOUS BIOPSY SITE, SEE PRIOR. D. PROLIFERATIVE PATTERN ENDOMETRIUM WITH CYSTIC CHANGES. E. ENDOMETRIAL POLYP WITH CYSTIC CHANGES. F. LEIOMYOMA, UP TO 0.5 CM. G. LEFT PERIMETRIA WITH MICROMETASTATIC SQUAMOUS CELL CARCINOMA, INVOLVING ONE (1/7). LYMPH NODES (10K) (see comment). H. RIGHT PERIMETRIA INVOLVED BY METASTATIC SQUAMOUS CELL CARCINOMA (10P) AND TWO. REACTIVE LYMPH NODES (0/2) (see comment). I. VAGINAL CUFF, FREE OF TUMOR. J. PORTION OF LEFT FALLOPIAN TUBE, FREE OF TUMOR. COMMENT: The left perimetrial lymph node is involved with tumor which measures up to 0.3 mm on the slide (10K). This lymph node. is. present in the outer third of the perimetrium. The metastatic tumor in the right perimetrium is present in the outer third. of the perimetrium. PATIENT HISTORY: Not given. Date of last menstrual period: Not given. PRE OP DIAGNOSIS: Cervical cancer. POST OP DIAGNOSIS: Same. PROCEDURE: Radical hysterectomy, left salpingo-oophorectomy and lymph node biopsies. CASE SYNOPSIS: SYNOPTIC - PRIMARY UTERINE CERVIX TUMORS: HYSTERECTOMY AND CONIZATION. TUMOR TYPE: Squamous cell carcinoma. Squamous intraepithelial lesion (SIL). HISTOLOGIC GRADE: Poorly differentiated. High grade squamous intraepithelial lesion (HSIL). TUMOR SIZE: Maximum dimension: 2.5 cm. TUMOR LOCATION: Endocervix. DEPTH OF INVASION: 2/3 of cervical thickness. TUMOR THICKNESS: Tumor thickness: 15 mm. HORIZONTAL SPREAD: Horizontal Spread: 2.5 cm. STRUCTURES INVOLVED: Parametrium. NON-NEOPLASTIC UTERUS: Leiomyoma. MARGINS OF RESECTION: Vaginal margin is negative for tumor. Parametrium margin is positive for tumor. MITOTIC RATE: Mitotic rate: 100/10 HPF. ANGIOLYMPHATIC INVASION: Angiolymphatic invasion present. LYMPH NODES POSITIVE: Number of lymph nodes positive: 1. LYMPH NODES EXAMINED: Total number of lymph nodes examined: 42. LYMPH NODE GROUPS INVOLVED: Parametrial lymph nodes, Left. EXTRANODAL EXTENSION: T STAGE, PATHOLOGIC: pT2b. N STAGE, PATHOLOGIC: pN1. M STAGE, PATHOLOGIC: pMX. FIGO STAGE: IIB. RESIDUAL TUMOR: Rx.","The pathology report provides information on the biopsy of various lymph nodes and the uterus, including the cervix. The patient was diagnosed with cervical squamous cell carcinoma, FIGO stage IIB, pT2b, pN1, pMX. The FIGO stage is clinical, but the pathologic TNM stage is also provided (pT2b, pN1, pMX). We will focus on the N stage. 

The N stage is based on the presence and extent of regional lymph node metastasis. According to the AJCC 7th edition excerpt, N categories for cervical cancer are:

NX: Regional lymph nodes cannot be assessed
N0: No regional lymph node metastasis
N1: Metastasis in a single inguinal lymph node or in low pelvic lymph nodes
N2: Metastasis in multiple or bilateral inguinal lymph nodes
N3: Extranodal extension of lymph node metastasis

From the pathology report, we can see that 42 lymph nodes were examined, with no metastasis found in any of the pelvic, obturator, common iliac, or para-aortic lymph nodes, except for one left perimetrial lymph node (involved in the outer third of the perimetrium) with metastatic squamous cell carcinoma (1/7 lymph nodes).

Based on this information, the N stage for this patient is N1 (N1mi, metastasis in a single ipsilateral lymph node, based on the TNM classification).",N1
CESC,TCGA-BI-A0VS,TCGA-BI-A0VS.5E58A8B7-0F96-4604-9BDE-66A8C2DF7B58,T1b1,0.0,N0,0.0,"FINAL DIAGNOSIS: PART 1: LYMPH NODE, RIGHT EXTERNAL ILIAC, EXCISION -. ONE (1) BENIGN LYMPH NODE, NEGATIVE FOR TUMOR (0/1). PART 2: UTERUS, CERVIX, UPPER VAGINAL, BILATERAL ADNEXA, RADICAL HYSTERECTOMY AND BILATERAL. SALPINGO-OOPHORECTOMY (434 GRAMS)- -. A. INVASIVE SQUAMOUS CELL CARCINOMA, POORLY DIFFERENTIATED. B. TUMOR MEASURES 2 X 1 CM (gross measurement). C. TUMOR THICKNESS IS 7MM AND DEPTH OF INVASION IS 7mm (slide 2E) ( SEE COMMENT). D. NO DEFINITIVE LYMPHOVASCULAR INVASION IS IDENTIFIED. E. CERVICAL INTRAEPITHELIAL NEOPLASIA 3 (CIN 3). F. ENDOCERVIX: WITH FOCAL EXTENSION OF TUMOR INTO ENDOCERVIX,. SQUAMOUS METAPLASIA, TUNNELCLUSTERS AND CERVICAL ENDOMETRIOSIS. G. UPPER VAGINA: NO TUMOR SEEN. H. LOWER UTERINE SEGMENT: NO TUMOR SEEN. I. ENDOMETRIUM: DISORDERED PROLIFERATIVE PATTERN, NO TUMOR SEEN. J. LEIOMYOMA, MEASURING 9.0 CM. K. RIGHT AND LEFT OVARIES WITH PHYSIOLOGICAL CHANGES, NO TUMOR SEEN. L. RIGHT AND LEFT FALLOPIAN TUBES WITH NO TUMOR SEEN. M. RIGHT AND LEFT PARAMETRIA WITH NO TUMOR SEEN. PART 3: LYMPH NODE, RIGHT OBTURATOR, EXCISION -. ONE (1) REACTIVE LYMPH NODE, NO TUMOR SEEN (0/1). PART 4: LYMPH NODE, LEFT EXTERNAL ILIAC, EXCISION -. ONE (1) BENIGN LYMPH NODE, NEGATIVE FOR TUMOR (0/1). PART 5: LYMPH NODE, LEFT OBTURATOR, EXCISION -. THREE (3) BENIGN LYMPH NODES WITH FATTY REPLACEMENT, NO TUMOR SEEN (0/3). PART 6: LYMPH NODE, LEFT COMMON ILIAC, EXCISION -. ONE (1) BENIGN LYMPH NODE, NEGATIVE FOR TUMOR (0/1). PART 7: LYMPH NODE, LEFT PERIAORTIC, EXCISION -. A. NO LYMPH NODE IDENTIFIED. B. FIBROFATTY TISSUE, NO TUMOR SEEN (0/0). PART 8: LYMPH NODE, RIGHT COMMON ILIAC, EXCISION -. A. NO LYMPH NODE IDENTIFIED. B. FIBROFATTY TISSUE, NO TUMOR SEEN (0/0). PART 9: LYMPH NODE, RIGHT PERIAORTIC, EXCISION -. ONE (1) BENIGN LYMPH NODE, NEGATIVE FOR TUMOR (0/1). COMMENT: #1: The depth of invasion is measured as the ""epithelial-stromal junction of the adjacent dermal papillae to the deepest. point of invasion"" is equal to 7mm. The thickness of the tumor is measured as "" from the surface of the tumor to the. deepest point of invasion"" is also measured to be 7mm. PATIENT HISTORY: No entry. LMP: Not applicable. PRE-OP DIAGNOSIS: Cervical cancer. POST-OP DIAGNOSIS: Same. PROCEDURE: Radical hysterectomy, insertion of suprapubic PPALND. CASE SYNOPSIS: SYNOPTIC - PRIMARY UTERINE CERVIX TUMORS: HYSTERECTOMY AND CONIZATION. TUMOR TYPE: Squamous cell carcinoma. HISTOLOGIC GRADE: Poorly differentiated. High grade squamous intraepithelial lesion (HSIL). TUMOR SIZE: Maximum dimension: 2.0 cm. TUMOR LOCATION: Ectocervix. DEPTH OF INVASION: 1/3 of cervical thickness. TUMOR THICKNESS: Tumor thickness: 7 mm. HORIZONTAL SPREAD: Horizontal Spread: 2.0 cm. EXTENSION OF TUMOR (invasive neoplasias only): Extension of Tumor: 2.0x1.0. KOILOCYTES: Absent. INTRAGLANDULAR INVOLVEMENT BY SIL: Absent. NON-NEOPLASTIC UTERUS: Leiomyoma. MARGINS OF RESECTION: Vaginal margin is negative for tumor. Parametrium margin is negative for tumor. MITOTIC RATE: Mitotic rate: 0 / 10 HPF. ANGIOLYMPHATIC INVASION: No angiolymphatic invasion. LYMPH NODES POSITIVE: Number of lymph nodes positive: 0. LYMPH NODES EXAMINED: Total number of lymph nodes examined: 7. LYMPH NODE GROUPS INVOLVED: Obturator lymph nodes, Right, Obturator lymph nodes, Left, Common iliac lymph. nodes, Left, Internal iliac lymph nodes, Right, External iliac lymph nodes, Right,. External iliac lymph nodes, Left. EXTRANODAL EXTENSION: T STAGE, PATHOLOGIC: pT1b. N STAGE, PATHOLOGIC: pNO. M STAGE, PATHOLOGIC: pMX. FIGO STAGE: IB. RESIDUAL TUMOR: Rx.","The pathology report provides the information needed to determine the N stage of the cervical squamous cell carcinoma. We will follow the AJCC Cancer Staging Manual (7th edition) rules for classification. The report includes examinations of lymph nodes from various locations: right and left external iliac, right and left obturator, left common iliac, left periaortic, right common iliac, and right periaortic. No tumor was found in any of these lymph nodes. 

Based on the information from the pathology report, we can determine the N stage as follows:

NX: Regional lymph nodes cannot be assessed
N0: No regional lymph node metastasis
N1: Metastasis in a single inguinal lymph node
N2: Metastasis in multiple or bilateral inguinal lymph nodes
N3: Extranodal extension of lymph node metastasis or pelvic lymph node(s) unilateral or bilateral

Since no tumor was found in any of the examined lymph nodes, the patient's N stage is N0.

In summary:
N0: No regional lymph node metastasis",N0
CESC,TCGA-BI-A20A,TCGA-BI-A20A.FA32D74F-9855-489A-8217-F588682F96CE,T1b1,0.0,N0,0.0,"PATIENT HISTORY: CHIEF COMPI AINT/ PRE-OP/ POST-OP DIAGNOSIS: Cervical cancer. LMP DATE: PROCEDURE. Radical hysterectomy, liver biopsy: pelvic and periaortic lymph node dissection. SPECIFIC CLINICAL QUESTION: Not provided. OUTSIDE TISSUE DIAGNOSIS: Not provided. PRIOR MALIGNANCY Not provided. CHEMORADIATION THERAPY: Not provided. OTHER DISEASES: Not provided. FINAL DIAGNOSIS: PART 1: LYMPH NODES, RIGHT, PELVIC, EXCISION -. THREE LYMPH NODES, NEGATIVE FOR METASTATIC CARCINOMA (0/3). PART 2: LYMPH NODES, LEFT, PELVIC, EXCISION -. TWO LYMPH NODES, NEGATIVE FOR METASTATIC CARCINOMA (0/2). PART 3: LYMPH NODE, LEFT, COMMON ILIAC, EXCISION -. ONE LYMPH NODE, NEGATIVE FOR METASTATIC CARCINOMA (0/1). PART 4: LYMPH NODE, RIGHT, PERIAORTIC, EXCISION -. ONE LYMPH NODE, NEGATIVE FOR METASTATIC CARCINOMA (0/1). PART 5: UTERUS, CERVIX, BILATERAL ADNEXA, RADICAL HYSTERECTOMY -. A. INVASIVE SQUAMOUS CELL CARCINOMA OF THE UTERINE CERVIX. B. HISTOLOGIC GRADE: MODERATE TO POORLY DIFFERENTIATED. C. THE TUMOR SIZE IS 2.0 x 2.0 CM. D. THE TUMOR INVADES MORE THAN 90% OF THE CERVICAL STROMAL THICKNESS (0.6 CM INVASION OF. 0.65-CM THICK CERVICAL STROMA). E. NO EVIDENCE OF TUMOR MULTICENTRICITY IS IDENTIFIED. F. IN-SITU CARCINOMA IS ALSO PRESENT. G. LYMPHOVASCULAR SPACE INVASION IS PRESENT. H. NO VAGINAL EXTENSION IS IDENTIFIED. I. THE TUMOR EXTENOS PREDOMINANTLY INTO THE LOWER UTERINE SEGMENT MUCOSA AND FOCALLY. IN THE STROMA. J. ALL SURGICAL MARGINS ARE FREE OF TUMOR. K. THE ENDOMETRIUM IS WEAKLY PROLIFERATIVE. L. THE MYOMETRIUM IS UNREMARKABLE. M. THE RIGHT OVARY SHOWS A BENIGN SEROUS CYST. N. THE LEFT OVARY SHOWS EPITHELIAL INCLUSION GLANDS AND PHYSIOLOGICAL CHANGES. O. BILATERAL BENIGN FALLOPIAN TUBES WITH PARATUBAL CYSTS. P. A FEW PARAMETRIAL VESSELS WITH THROMBUS, CALCIFICATIONS AND RECANALIZATION. Q. ONE LYMPH NODE IN THE RIGHT PARAMETRIAL TISSUE, NEGATIVE FOR METASTATIC CARCINOMA (0/1). PART 8: LIVER, BIOPSY -. LIVER CORE NEGATIVE FOR METASTATIC CARCINOMA (see comment). COMMENT: The liver biopsy will also be sent to. reported. -Hepatopathology for consultation. Their findings will be subsequently. A companion pelvic wash is currently being processed and the results will be subsequently reported (. CASE SYNOPSIS: TUMOR TYPE: SYNOPTIC - PRIMARY UTERINE CERVIX TUMORS: HYSTERECTOMY AND CONIZATION. HISTOLOGIC GRADE: Squamous cell carcinoma. Poorty differentiated. TUMOR SIZE: High grade squamous intraepithelial lesion (HSIL). TUMOR LOCATION: Maximum dimension: 20 mm. DEPTH OF INVASION: Ectocervix, Endocarvix, Lower uterine segment. MARGINS OF RESECTION: Greater than 2/3 of cervical thickness. Vaginal margin is negative for tumor. MITOTIC RATE: Parametrium margin is r egative for tumor. ANGIOLYMPHATIC INVASION: LYMPH NODES POSITIVE: Angiolymphatic invasion present. LYMPH NODES EXAMINED: Number of lymph nodes positive: 0. T STAGE, PATHOLOGIC: Total number of tymph nodes examined: 8. pT1b1. N STAGE, PATHOLOGIC: pNO. M STAGE, PATHOLOGIC: FIGO STAGE: Not applicable. IB1. RESIDUAL TUMOR: Rx.","1. The pathology report provides information on the examination of lymph nodes from different locations, including right and left pelvic, common iliac, and periaortic regions. It is stated that no metastatic carcinoma was found in any of the excised lymph nodes (0/3, 0/2, 0/1, 0/1). This information corresponds to the N category in the AJCC 7th edition staging system. 

2. The AJCC 7th edition states that N0 indicates no regional lymph node metastasis. In this case, the pathology report clearly mentions that no metastatic carcinoma was found in any of the examined lymph nodes. 

3. Therefore, the final predicted N stage for this patient is N0, which suggests that there is no evidence of regional lymph node metastasis.",N0
CESC,TCGA-C5-A0TN,TCGA-C5-A0TN.33FE7DA3-EDB0-4301-BA6A-C51B75312FCA,T1b,0.0,N1,1.0,"1. <. surg;. Service: GYNECOLOGY. and. UTERUS, CERVIX, RADICAL HYSTERECTOMY. - SQUAMOUS CELL CARCINOMA, POORLY DIFFERENTIATED FOCALLY. KERATINIZING, 7.0 CM IN GREATEST DIMENSION. - CARCINOMA INVADES TO A DEPTH OF 7 MM (TOTAL WALL. THICKNESS 10' MM). - FOCAL LYMPHVASCULAF SPACE INVASION IS IDENTIFIED. EXTENSIVE CARCINOMA IN-SITU (CIN III) IS PRESENT. ADJACENT TO INVASIVE CARCINOMA (SEE COMMENT). PARAMETRIUM, RIGHT AND LEFT, RADICAL HYSTERECTOMY. 1 NO CARCINOMA IDENTIFIED. - LARGE VESSELS WITH ATHEROSCLEROSIS AND RECANALIZED THROMBI. VAGINA, CUFF, MARGIN, RADICAL HYSTERECTOMY. FOCAL PARAKERATOSIS. - NO CARCINOMA OR DYSPLASIA- IDENTIFIED. UTERUS, ENDOMETRIUM, RADICAL HYSTERECTOMY. - GESTATIONAL ENDOMETRIUM. UTERUS, MYOMETRIUM, RADICAL HYSTERECTOMY. - IMPLANTATION SITE. LYMPH NODES, RIGHT OBTURATOR, EXCISION. - METASTATIC SQUAMOUS CELL CARCINOMA IN TWO OF SEVEN LYMPH. NODES (2/7). - FOCAL EXTRACAPSULAR EXTENSION BY CARCINOMA IS IDENTIFIED. - ACUTE INFLAMMATION AND FOCAL ABSCESS FORMATION. (SEE COMMENT). - LYMPHOID HYPERPLASIA. LYMPH NODES, LEFT OBTURATOR, EXCISION. NO: =CARCINONA: IN TW. LYMPH NODE, LEFT: EXTERNAL EXCISION. - NO CARCINOMA IDENTIFIED IN. ONE LYMPH NODE (0/1). FETUS, TERMINATION. - INTACT FEMALE FETUS, 18 TO 19 WEEKS GESTATIONAL AGE. BY FETOPSY MEASUREMENTS. - NO CONGENITAL ANOMALIES IDENTIFIED. PLACENTA, TERMINATION. - IMMATURE PLACENTA CONSISTENT WITH GESTATIONAL AGE. --1--. i. UMBILICAL CORD, TERMINATION'. - THREE VESSEL UMBILIL. CORD- WITH NO HISTOPATHOLOGIC. ABNORMALITY. FETAL MEMBRANES, TERMINATION. - FETAL MEMBRANES WITH NO IISTOPATHOLOGIC ABNORMALITY. By this signature, II attest that the. above' diagnosis is based upon my. personal examination of the slides. ( (and/or other material indicated in. the diagnosis), and that I have. reviewed and approved this report. SPECIMEN (s) SUBMITTED. Part 1: UTERUS AND FETUS. Part 2: LEFT EXTERNAL NODES. Part 3: LEFT OBTURATOR NODES. Part 4: RIGHT OBTURATOR NODES. HISTORY. The patient is a. year old woman with an intrauterine pregnancy. at 17 weeks estimated gestational age and poorly differentiated. invasive squanous= the cervix Operatitue. procedure: under anesthesra, exploratory raparotomy,. radical hysterectomy, lymph node sampling, and pregnancy. termination. GROSS. The specimens are received in four containers of formalin, each. labeled with the patient's name. The first specimen container is. labeled ""uterus and cervix. It contains a previously opened and. fixed uterus with attached placenta weighing 505 grams and. - --2--. GROSS (continued). measuring 18 cm fundus to ectocervix, 8.0 cm cornu to cornu, and. 7.0 cm anterior to posterior. The attached vaginal cuff measures. 1.0 cm in length and 8.0 cm In width posteriorly and 3.0 cm in. length and 5:5 cm in width anteriorly. only a small portion of. ectocervix is visible measuring 1.2 x 1.2 cm. It is yellow with a. central area of hemorrhage measuring 0:4 cm. The endocervical. canal is light tan and measures 2.5 cm in length. Replacing most. of the ectocervix is a. polypoid, lobulated, poorly circumscribed. mass measuring 7.0 x 5.0 cm. It involves mainly the anterior. portion of the ectocervix. It abuts the endocervical canal. anteriorly and posteriorly. It ispresent 4.0. cm from the. posterior vaginal cuff margin and 3:0 cm from the anterior vaginal. cuff margin. Sections show the to/invade to a depth of 2. cm out of a wall thickness of 3.1/cm anteriorly. Posteriorly the. tumor invades to a depth of 1 9- .cm where the wall thickness. measures 3.3 cm. Labeled CX1 and EC1 - anterior cervix and. endocervix cut in continuity; labeled CX2 - anterior cervix;. labeled CX3, EC3A, EC3B - anterior cervix and endocervix cut in. continuity; labeled CX4, EC4A, EC4B - anterior cervix and. endocervix cut in continuity; labeled CX5 and EC5 - posterior. cervix and endocervix in continuity; labeled CX6 and EC6 -. posterior cervix and endocervix in continuity; labeled CX7 and EC7. - posterior cervix and endocervix in continuity; labeled CX8 and. EC8 - posterior cervix and endocervix in continuity; labeled. shave margin of the anterior vaginal cuff; labeled VCP1 and VCP2 -. shave margin of the posterior vaginal cuff. The previously inked. right parametrial soft tissue measures 5.0 x 3.5 x 0.8 cm. Sectioning and palpation demonstrates yellow adipose tissue. admixed with white fibrous tissue. It is not grossly involved by. tumor. Labeled RP1 through RP4 - right parametrial soft tissue. The previously inked left parametrial soft tissue measures 4.5 x. 00. 2.5. x 0.7 cm. Sectioning and palpation demonstrate yellow adipose. tissue admixed with white fibrous tissue. It is grossly. uninvolved by tumor. Labeled LP1 and LP 2 - left parametrial soft. tissue. The majority of the myometrium is covered by a previously. sectioned placenta and decidual tissue. The myometrium is tan,. trabeculated, and has a thickness of 2.5 cm. The decidualized. tiasue coverins it is Light_tan nodular and glistening The. placenta measures; T6 x-6-0 x 2.00 There I's a stub where am. umbilical cord attached measuring 2.5 cm from the closest disc. odge. The placental parenchyma is light brown and Nomogeneous. There is no gross evidence of váscular thrombosis or infarction. The uterine serosa is light tan, slightly wrinkled, and. glistening. Only a small portion of fetal membrane is identified. It is slightly opaque and firm, perhaps owing to previous. fixation. Labeled P1A and P1B - placenta and underlying. myometrium submitted in continuity; labeled P2A and P2B - placenta. and underlying myometrium submitted in continuity. Labeled FM -. fragment of fetal membrane. - 3--. GROSS (continued). Received in the same container is a fetus with attached umbilical. cord weighing 207 grams. The umbilical cord measures 25 cm in. length, 0.6 cm in diameter, and has three-vessel morphology. It. attaches at the umbilicus in the usual; fashion. Labeled -. three. sections of umbilical cord. The fetus measures 14 cm in head. circumference, 13.4 cm in chest circumference, 10.4.cm in. abdominal circumference, 14.5 cm crown rump length, 23.0 cm crown. heel length, and 3.1 cm in foot length. It appears normocephalic. with open fontanelles. The cranial cavity contains a brain. weighing 32 cm with normally formed hemispheres and cerebellum. The cranial nerves appear grossly intact. The ears do not appear. to be low or hight set., The eyés are fused and there is an outer. canthal distance of 3.5 and, an inner canthal distance of 1.4 cm. The nares are patent and there is no deviated septum. The mouth. and mandible are normally formed, the tongue is of normal calibre. and the palate is intact. The oropharynx is clear. The neck is. normally formed without evidence of webbing. The arms and legs are. normally formed and there are five toes and five fingers on each. foot and hand, respectively There is no. evidence of webbing. Breast buds are not visible on the chest. The chest and abdominal. wall are intact. The spinal cord shows normal curvature without. defects or indentations or herniations. The genitalia are. ambiguous for sex. The anus is patent. No body hair is. identified on either the scalp or on any other body surface. The. head is normocephalic. overall, there are no dysmorphic features. The skin is light tan and somewhat translucent. Sections of the. neck demonstrate a trachea and esophagus that are clear. The. thyroid is identified in the normal anatomic location, is light. tan, and shows normal morphology. Near the thoracic cavity a. thymus is identified that i's lobular and unremarkable. The thymus. weighs 0.3 grams. opening the chest cavity demonstrates clear. pleural cavities and a right and left lung with three 'and two. lobes, respectively. The right and left lungs are light tan and. sections demonstrate homogeneous tan parenchyma without crepitance. evident. The right and left lungs weigh 2.9 and 2.5 grams,. respectively. They are in the usual anatomic position. The heart. is in-the The. and left atrfa and ventrictes are In thefy usual. anatomic position. The great vessels pursue a normal course. The. formanen ovale is identified and is patent. There are no atrial. or. septal defects. The aortic, pulmonary, tricuspid, and mitral. valves demonstrate normal morphology. The myocardial tissue is. light brown: The aorta pursues a normal course in the thoracic. and abdominal areas. Labeled A - aorta; labeled B - heart;. labeled C - thymus; labeled D - trachea including thyroid; labeled. E - right lung; labeled F - left lung. Opening the abdominal. cavity demonstrates a clear cavity. The stomach is normally. rotated and the appendix is in the usual anatomic position. The. --4--. Name : -. GROSS (continued). liver is in the usual anatomic position. weighs 9.1 grams, and has. a normal anatomic morphology. Sections demonstrate homogeneous. brown parenchyma'. The gallbladder is in the usual anatomic. position. Bile is not expressed from the ampulla of Vater upon. pressure being placed over the gallbladder; labeled G - liver;. labeled H - gallbladder. The right and left adrenals are in the. usual anatomic position and weigh 0. 4 and 0. grams, respectively. Sections demonstrate a poor corticomedullary demarcation. Labeled. I1 and I2 - right and left adrenals, respectively. The pancreas. is in the usual anatomic position, is tan, lobular, and weighs 0.2. grams. The spleen weighs 0.4 grans, is dark brown, and sections. show homogeneous maroon tissue within. Labeled J.- pancreas;. labeled K - spleen. The right and left kidneys are in the usual. anatomic position and their capsules strip easily. The right and. left kidneys weigh 1.1 and 1.0 grams, respectively. They are. lobular in their configuration. Sections demonstrate a poor. corticomedullary demarcation. Their attached ureters pursue a. normal course and empty into the bladder: Labeled L1 and L2 -. right and: left kidneys, respectively. The esophagus and stomach. are clear and unremarkable grossly. The small intestine is clear. and unremarka-ble.. The largé intestine contains a small amount of. dark green material but is unremarkable. Labeled M - stomach and. esophagus; labeled N1 and N2 - small and large intestine,. respectively. The bladder and uterus and ovaries are identified. in the normal anatomic position. The bladder is not hypoplastic. The uterus contains a myometrium that is white. An endometrium is. not identifiable Labeled 01 - ovaries; labeled 02 - cross. sections demonstrating rectum, uterus, and bladder. Labeled P1. section of rib cage including ossification center; labeled P2 -. section of skin. Labeled Q1 - spinal cord: labeled Q2 -. cerebellum; labeled Q3 - section of cortical hemisphere. Jar 4. The second specimen container is labeled ""left external nodes. "". It contains a single unoriented fragment of dark blue and white. fibrous tissue admixed with yellow adipose tissue measuring 4.0 x. 1.0 x 0.8 cm. TWO putative lymph nodes are identified on. sectioning and palpation measuring 0.5 and 1.0 cm in greatest. dimension. Each. is. in. a. cassette Tabored R. Jar 1. The third specimen container is labeled ""left obturator nodes. "". It contains a single unoriented fragment of white fibrous tissue. admixed with dark brown hemorrhage measuring 4.0 x 2.0 x 1.10 cm. Sectioning and palpation demonstrate three putative lymph nodes. ranging in size from 0.5 to 1.5 cm in greatest dimension. Each is. bisected and a half of each is placed in a cassette labeled S. Jar 1. The fourth specimen container is labeled ""right obturator nodes. --5--. GROSS (continued). It contains two unoriented fragments of white fibrous tissue. admixed with yellow adipose tissue and hemorrhage measuring 4.0 x. 2.0 x 0.8 and 7.0 x 2.5 x 1.8 cm in dimension. respectively. Multiple lymph nodes are identified upon sectioning and palpation. ranging in size from 0.5 to 3.0 cm. All of them are bisected and. a half of each is placed in a cassette labeled T1 through T5. Jar. 1. COMMENT. The cervix is nearly completely replaced, by a 7.0 cm poorly. differentiated squamous coll carcinoma exhibiting. focal. keratinization At its most deeply invasive, the tumor invades. to a maximum depth of 7 mm where the wall thickness is 10 mm. Extensive carcinoma in situ (CIN III) is present adjacent to. invasive tumor. A second and possibly multiple, smaller foci of. invasive carcinoma, clearly separate from the main tumor mass, is. present beneath areas of CIN III. Lymphatic invasion is identified. but is focal. No extension into parametrial tissue is present. The yaginal cuff margin is froe of carcinoma. Metastatic sguamous. cell carcinoma. is. present in two of seven right obturator lymph. nodes. Focal extracapsular extension by carcinoma is identified. one right obturator lymph node contains extensive acute. inflammation and focal abscess formation. This finding raises the. possibility of cat scratch disease, lymphogranuloma venereum, or. another suppurative infections. TWO left obturator and one. external iliac lymph nodes are free of carcinoma. The lymph nodes. exhibit marked lymphoid hyperplasia. An intact female fetus was present within the endometrial cavity. The estimated gestational age by fetopsy measuremonts is 18 to 19. weeks. No congenital anomalies were identified on gross. examination. Microscopic sections of various tissues revealed no. histologic abnormalities. The umbilical cord contains three. vessels and is without histopathologic abnormality. The fetal. membranes are without histopathologic abnormality. The placenta. SYNOPTIC REPORTING FORM FOR UTERINE CERVICAL NEOPLASMS. 1. A neoplasm is PRESENT. 2. The HISTOLOGIC DIAGNOSIS is: Squamous cell (epidermoid) carcinoma, invasive . type. Keratinizing subtype. 3. The MAXIMUM DEPTH OF TUMOR INVASION is 7 mm. 4. The BREADTH (MAXIMUM HORIZONTAL DIMENSION) OF THE TUMOR is 70. mm. - 6.--. COMMENT (continued). The TOTAL THICKNESS OF THE CERVIX is 10 mm in area of deepest. invasion. 040. Lymphatic invasion by tumor IS identified but is FOCAL. 7. The NUCLEAR GRADE of the tumor is: 3. Poorly-differentiated). 8. The tumor DOES NOT invade through the entire thickness. of the cervix to involve contiguous parametrial. tissues. 9. The tumor DOES NOT involve the uterine corpus. 10. The tumor DOES NOT involve the vagina at the margin. 11. Metastasis to regional lymph nodes is PRESENT. 12. The total number of metastaticatly-involved nodes is 2. 13. The total number of regional nodes examined is 10. 14. Extracápsular extension of metastatic tumor through the. lymph node capsule is PRESENT. 15. DETAILED STAGING INFORMATION: A. TUMOR GROWTH: THE PRIMARY NEOPLASM IS CLASSIFIED AS: TNM SCHEME -. FIGO SCHEME. DEFINITION. IB. Tumor confined to uterus. but larger than Tia2/ IA2. B. REGIONAL LYMPH NODES are classified as: N1. (Regional nodes ARE involved by metastasis). c. DISTANT METASTASES: The status of distant tissues is: x. ( Status cannot be assessed). 15. THE FINAL STAGE OF THE TUMOR IS: AJCC SCHEME. FIGO SCHEME. x. Insufficient data to assign stage. The pathologic stage assigned here should be regarded as. provisional, and may change after integration of clinical. data not provided with this specimen. (End of Report}. --7--.","Based on the information provided in the pathology report, we can determine the N stage for this patient with cervical squamous cell carcinoma and endocervical adenocarcinoma. The AJCC Cancer Staging Manual (7th edition) outlines the criteria for N stage as follows:

NX: Regional lymph nodes cannot be assessed
N0: No regional lymph node metastasis
N1: Metastasis in a single ipsilateral inguinal lymph node
N2: Metastasis in multiple or bilateral inguinal lymph nodes
N3: Metastasis in a lymph node, more than 6 cm in greatest dimension

From the pathology report, we know that the patient has metastatic squamous cell carcinoma in two of seven right obturator lymph nodes. This indicates that the metastasis is present in regional lymph nodes, and the number of involved lymph nodes is greater than one but less than or equal to three. Therefore, the N stage for this patient would be N2, as per the AJCC Cancer Staging Manual (7th edition).

The report also mentions focal extracapsular extension by carcinoma in one right obturator lymph node, but this does not affect the N stage as per the AJCC Cancer Staging Manual (7th edition).",N2
CESC,TCGA-C5-A1BE,TCGA-C5-A1BE.0A21AE44-27DF-4F41-BAB5-209A25087C0A,T1b,0.0,N1,1.0,"Gynecology. F. DIAGNOSIS: UTERUS, CERVIX, RADICAL HYSTERECTOMY. - MODERATELY DIFFERENTIATED NON-KERATINIZING SQUAMOUS CELL CARCINOMA, 5 CM IN. GREATEST DIMENSION. . SQUAMOUS CELL CARCINOMA INVADES TO A DEPTH OF 14 MM (TOTAL WALL THICKNESS 15 MM). SQUAMOUS CELL CARCINOMA IS PRESENT LESS THAN 1 MM FROM THE INKED MARGIN IN THE. ANTERIOR LOWER UTERINE SEGMENT. - EXTENSIVE LYMPHATIC AND VASCULAR SPACE INVASION IS IDENTIFIED. PARAMETRIA, RADICAL HYSTERECTOMY. - NO CARCINOMA IDENTIFIED. - FOCAL ENDOSALPINGIOSIS. - VESSELS WITH COMPLEX ATHEROSCLEROSIS. LYMPH NODES, PARAMETRIAL SOFT TISSUE, RADICAL HISTERECTOMY. - NO CARCINOMA IDENTIFIED IN THREE LYMPH NODES (0/3). VAGINA, RADICAL HYSTERECTOMY. - NO CARCINOMA OR DYSPLASIA IDENTIFIED. UTERUS, ENDOMETRIUM, TOTAL ABDOMINAL HYSTERECTOMY. - IN SITU AND INVASIVE SQUAMOUS CELL CARCINOMA EXTENSIVELY INVOLVING ENDOMETRIUM. - ENDOMETRIAL POLYPS, WITH INVOLVEMENT BY SQUAMOUS CELL CARCINOMA IN SITU. - INACTIVE ENDOMETRIUM. UTERUS. MYOMETRIUM, RADICAL HYSTERECTOMY. - LEIOMYOMATA, LARGEST 0.9 CM. - SQUAMOUS CELL CARCINOMA BY DIRECT EXTENSION. OVARY, RIGHT, SALPINGO-OOPHORECTOMY. - NO HISTOPATHOLOGIC ABNORMALITY. FALLOPIAN TUBE, RIGHT, SALPINGO-OOPHORECTOMY. - NO HISTOPATHOLOGIC ABNORMALITY. OVARY, LEFT. SALPINGO-OOPHORECTOMY. - NO HISTOPATHOLOGIC ABNORMALITY.","1. According to the AJCC Cancer Staging Manual (7th edition), the N stage for cervical cancer is determined by the presence and extent of regional lymph node metastasis. The report mentions that no carcinoma was identified in three lymph nodes (0/3), which indicates that there is no regional lymph node metastasis. Therefore, the N stage is N0. 
2. N0",N0
CESC,TCGA-C5-A1BF,TCGA-C5-A1BF.45EC2A51-EDE1-44E9-8756-A094B998A68B,,,N0,0.0,"OF SURGICAL PATHOLOGY. MR No. ;. llosp. No. Service: GYNECOLOGY. DTAGNOSiS. UTERUS, CERVIX, BIOPSY - INVASIVE SQUAMOUS CELL CARCINOMA. By this signature, ( attest that the. above diagnosis is based upon my. personal examination of the slides. (and/or other material indicated in. the diagnosis), and that I have. reviewed and approved this report. inan. SPECIMEN(S) SUBMITTED. CERVIX. HISTORY. The patient is a. year old woman who has a high grade squamous. lesion on a PAP smear of. Operative procedure: Cervical. biopsy. GROSS. The specimen is received in a container of formalin, labelled. with the patient's name and ""cervical biopsy. It consists of. multiple soft, friabl fragments of tan to tan-brown tissue that in. aggregate measure 1.1 x 0.6 x 0.3 cm. The largest tissue fragment. has a greatest dimension of 0.3 cm. Wrapped in tissue paper. Jar. 0. COMMENT. Sections show a well differentiated invasive squamous cell. carcinoma. Focal areas of keratinization are present. A. prominent eosinophilic infiltrate accompanies the tumor.","Based on the information provided in the pathology report, we can determine the T stage but not the N stage, as the report does not mention anything about lymph node involvement. However, I will explain the N stage classification according to the AJCC 7th edition excerpt for future reference. 

N stage for Cervical Squamous Cell Carcinoma and Endocervical Adenocarcinoma is classified as follows:

NX: Regional lymph nodes cannot be assessed
N0: No regional lymph node metastasis
N1: Regional lymph node metastasis to pelvic lymph nodes
N2: Regional lymph node metastasis to para-aortic lymph nodes, with or without positive pelvic lymph nodes
N3: Metastasis in a lymph node, more than 6 cm in greatest dimension

The pathology report only mentions a well-differentiated invasive squamous cell carcinoma found in the cervix. The T stage would be T1 (T1a or T1b, depending on the size and depth of invasion), but without information about lymph node involvement, we cannot determine the N stage.","N0 (predicted, as the pathology report does not provide enough information to determine the N stage)"
CESC,TCGA-C5-A1BK,TCGA-C5-A1BK.E6129BB7-CE4E-400A-B8B9-45DE508C995D,T1b,0.0,N0,0.0,"5 u R. C I C. Cex/Race: Hosp. i.lix. Service: CYNECOI. D 3. UTERUS, CERVIX, PADICAL - CEL. MODERATE :.i 20cm. OREATEST DIMENGION. - TUMOR INVADES 10 à DEPTH : O. OF A romal HALE 1. THICKNENS OF 1.7 on. - FOCAL SPACE -. IDENT IFTED ?. - DEEP AND VAGINAL 100 Re. FHFE DIF CARCINUMA. UTERUS, PARAMETE cum. Pitts AND nas i RABECAL. - HO CARCINUMA. UTERUS, -. utenus, ... VAGINA, MARGIN. EXCISTUN --. -- FOCAL. - NO. OVARY, RICHT, RADECAL -- 10. - FARAOVAR AN. NODE, LEFT OXTERNAL --- ua CARCINGMA. ? impa HUURS 10/00. L'MPH NODE. LAFT EKTERMAL - PO. - no nont T ESSUE resorti ith. ! SPECIMEN 3111. NOUE. LHFT ORTUBATOR. EAGISTEM . Na : The. : Six. LYMPH NODE. LEFT COMMIN EXCESCON -- 00 LF. IN ONS MODE. LYMPH NCOE. LEFT common, EXCISTON - . 7. REVIEWED BY. "". M.D.","Based on the information provided in the pathology report, we can determine the N stage of the Cervical Squamous Cell Carcinoma and Endocervical Adenocarcinoma cancer following the AJCC Cancer Staging Manual (7th edition). Here's the step-by-step reasoning: 

1. The pathology report mentions the presence of a carcinoma in the uterus, cervix, and parametrium. It also mentions the presence of a carcinoma in the left external iliac lymph node. 

2. According to the AJCC 7th edition excerpt, regional lymph nodes for cervical cancer include the pelvic lymph nodes and the para-aortic lymph nodes. The left external iliac lymph node is considered a pelvic lymph node, which falls under the N1 category. 

3. The N1 category is further divided into N1a and N1b based on the size of the metastatic lymph node. However, the pathology report does not provide information on the size of the metastatic lymph node. Therefore, we cannot determine whether the N1 category should be further classified as N1a or N1b. 

4. Based on the information provided, we can conclude that the N stage is at least N1 (N1a or N1b), as there is metastasis in a single pelvic lymph node. 

5. The AJCC 7th edition excerpt also mentions that the ",
CESC,TCGA-C5-A1BM,TCGA-C5-A1BM.D23DE232-F930-40C8-A560-4B75C41C6115,T2,1.0,N1,1.0,"MR No. : llosp. No . : Service: GYNECOLOGY. UTERUS, CERVIX, TOTAL ABDOMINAL HYSTERECTOMY. - INVASIVE MODERATELY DIFFERENTIATED SQUAMOUS CEL. CARCINOMA. - TUMOR INVOLVES THE ENDOCERVICAL CANAL, AND LOWER. UTERINE SEGMENT BY DIRECT EXTENSION. - TUMOR INVOLVES THE POSTERIOR VAGINAL CUFF. MARGIN OF RESECTION. SHA. - TUMOR MEASURES n. 1 ICM TO THE NEAREST THEED POSTERIOR. SOFT TISSUE MARGIN OF RESECTION. YMPHOVASCULAR INVASION IDENTIFIED. UTERUS, ENDOMETRIUM, TOTAL ABDOMINAL IYYSTERECTOMY. - MODERATELY DIFFERENTIATED SQUAMOUS CELL CARCINOMA. BY DIRECT EXTENSION. UTERUS, MYOMETRIUM, TOTAL ABDOMINAL HYSTERECTOMY. - MODERATELY DIFFERENTIATED SQUAMOUS CELL CARCINOMA. BY DIRECT EXTENSION. SOFT TISSUE, PARAMETRIUN, TOTAL ABDOMINAL IYSTERECTOMY. - MODERATELY OIFFERENTIATED SQUAMOUS CELL. CARCINOMA. BY DIRECT EXTENSION. OVARY, RIGHT AND LEFT, BILATERAL SALPINGO - OOPHORECTOMY. - BENIGN SIMPLE CYST. FALLOPIAN TUBE, RIGHT AND LEFT, BILATERAL ALPINGO-OOPHORECTTOMY --. - BENIGN FARATUCAL CYSTS. VAGINA, ""INTERIOR VAGINAL MARGIN, 11 EXCISION. MODERATELY DIFFERENTIATED SQUAMOUS CELL CARCINOMA. BY DIRECT EXTENSION, WITH TUMOR IDENTIFIED AT. THE SUTURED DISTAL MARGIN EDGE. LYMPH NODE, LEFT EXTERNAL, EXCISION. - METASTATIC MODERATELY DIFFERENTIATED SQUAMOUS CELL. CARCINOMA IN 1 OF 4 LYMPH NODES. - EXTRACAPSULAR EXTENSION IDENTIFIED. LYMPH NODES, LEFT OBTURATOR, EXCISION. - NO EVIDENCE OF MALIGNANCY IN 3 LYMPH NODES (01). LYMPH NODES, RIGUT EXTERNAL, EXCISION. NO EVIDENCE OF MALIGNANCY IN $ LYMPU NODES (0/5).","1. The pathology report indicates that there is metastatic moderately differentiated squamous cell carcinoma in 1 of 4 left external lymph nodes and extracapsular extension was identified. There is no evidence of malignancy in the other lymph nodes examined. 

2. According to the AJCC 7th edition excerpt, N stage is determined by the presence and extent of regional lymph node metastasis.

3. N1 (Regional lymph node metastasis to a single ipsilateral lymph node): This stage applies when there is metastasis in a single lymph node, but the report indicates extracapsular extension, which is not a criterion for N1. 

4. N2 (Regional lymph node metastasis to multiple or bilateral lymph nodes): This stage does not apply here, as the metastasis is limited to a single lymph node.

5. N3 (Regional lymph node metastasis to a lymph node more than 6 cm in greatest dimension or with extracapsular extension): This stage applies, as the report indicates extracapsular extension in the left external lymph node.

Therefore, the final predicted N stage is **N3**.",N3
