tcga,printable,input_csv,output_csv,method,task,model,seed,missing_before,missing_after,repaired,log
ACC,Adrenocortical Carcinoma,/home/yl3427/cylab/selfCorrectionAgent/runs/ACC_T14N03__kewltm__n__mistralai_Mixtral-8x7B-Instruct-v0.1__seed42__20250909_055701.csv,/home/yl3427/cylab/selfCorrectionAgent/runs2/ACC_T14N03__kewltm__n__mistralai_Mixtral-8x7B-Instruct-v0.1__seed42__20250909_055701.csv,kewltm,n,mistralai/Mixtral-8x7B-Instruct-v0.1,42,,,,skip_existing_output
ACC,Adrenocortical Carcinoma,/home/yl3427/cylab/selfCorrectionAgent/runs/ACC_T14N03__kewltm__t__mistralai_Mixtral-8x7B-Instruct-v0.1__seed42__20250909_044904.csv,/home/yl3427/cylab/selfCorrectionAgent/runs2/ACC_T14N03__kewltm__t__mistralai_Mixtral-8x7B-Instruct-v0.1__seed42__20250909_044904.csv,kewltm,t,mistralai/Mixtral-8x7B-Instruct-v0.1,42,,,,skip_existing_output
ACC,Adrenocortical Carcinoma,/home/yl3427/cylab/selfCorrectionAgent/runs/ACC_T14N03__kewrag__n__mistralai_Mixtral-8x7B-Instruct-v0.1__seed42__20250909_063723.csv,/home/yl3427/cylab/selfCorrectionAgent/runs2/ACC_T14N03__kewrag__n__mistralai_Mixtral-8x7B-Instruct-v0.1__seed42__20250909_063723.csv,kewrag,n,mistralai/Mixtral-8x7B-Instruct-v0.1,42,,,,skip_existing_output
ACC,Adrenocortical Carcinoma,/home/yl3427/cylab/selfCorrectionAgent/runs/ACC_T14N03__kewrag__t__mistralai_Mixtral-8x7B-Instruct-v0.1__seed42__20250909_054029.csv,/home/yl3427/cylab/selfCorrectionAgent/runs2/ACC_T14N03__kewrag__t__mistralai_Mixtral-8x7B-Instruct-v0.1__seed42__20250909_054029.csv,kewrag,t,mistralai/Mixtral-8x7B-Instruct-v0.1,42,,,,skip_existing_output
ACC,Adrenocortical Carcinoma,/home/yl3427/cylab/selfCorrectionAgent/runs/ACC_T14N03__rag__n__mistralai_Mixtral-8x7B-Instruct-v0.1__seed42__20250909_062852.csv,/home/yl3427/cylab/selfCorrectionAgent/runs2/ACC_T14N03__rag__n__mistralai_Mixtral-8x7B-Instruct-v0.1__seed42__20250909_062852.csv,rag,n,mistralai/Mixtral-8x7B-Instruct-v0.1,42,,,,skip_existing_output
ACC,Adrenocortical Carcinoma,/home/yl3427/cylab/selfCorrectionAgent/runs/ACC_T14N03__rag__t__mistralai_Mixtral-8x7B-Instruct-v0.1__seed42__20250909_050540.csv,/home/yl3427/cylab/selfCorrectionAgent/runs2/ACC_T14N03__rag__t__mistralai_Mixtral-8x7B-Instruct-v0.1__seed42__20250909_050540.csv,rag,t,mistralai/Mixtral-8x7B-Instruct-v0.1,42,,,,skip_existing_output
ACC,Adrenocortical Carcinoma,/home/yl3427/cylab/selfCorrectionAgent/runs/ACC_T14N03__zscot__n__mistralai_Mixtral-8x7B-Instruct-v0.1__seed42__20250909_060258.csv,/home/yl3427/cylab/selfCorrectionAgent/runs2/ACC_T14N03__zscot__n__mistralai_Mixtral-8x7B-Instruct-v0.1__seed42__20250909_060258.csv,zscot,n,mistralai/Mixtral-8x7B-Instruct-v0.1,42,,,,skip_existing_output
ACC,Adrenocortical Carcinoma,/home/yl3427/cylab/selfCorrectionAgent/runs/ACC_T14N03__zscot__t__mistralai_Mixtral-8x7B-Instruct-v0.1__seed42__20250909_045644.csv,/home/yl3427/cylab/selfCorrectionAgent/runs2/ACC_T14N03__zscot__t__mistralai_Mixtral-8x7B-Instruct-v0.1__seed42__20250909_045644.csv,zscot,t,mistralai/Mixtral-8x7B-Instruct-v0.1,42,,,,skip_existing_output
BLCA,Bladder Urothelial Carcinoma,/home/yl3427/cylab/selfCorrectionAgent/runs/BLCA_T14N03__kewltm__n__mistralai_Mixtral-8x7B-Instruct-v0.1__seed42__20250909_104305.csv,/home/yl3427/cylab/selfCorrectionAgent/runs2/BLCA_T14N03__kewltm__n__mistralai_Mixtral-8x7B-Instruct-v0.1__seed42__20250909_104305.csv,kewltm,n,mistralai/Mixtral-8x7B-Instruct-v0.1,42,,,,skip_existing_output
BLCA,Bladder Urothelial Carcinoma,/home/yl3427/cylab/selfCorrectionAgent/runs/BLCA_T14N03__kewltm__t__mistralai_Mixtral-8x7B-Instruct-v0.1__seed42__20250909_064246.csv,/home/yl3427/cylab/selfCorrectionAgent/runs2/BLCA_T14N03__kewltm__t__mistralai_Mixtral-8x7B-Instruct-v0.1__seed42__20250909_064246.csv,kewltm,t,mistralai/Mixtral-8x7B-Instruct-v0.1,42,,,,skip_existing_output
BLCA,Bladder Urothelial Carcinoma,/home/yl3427/cylab/selfCorrectionAgent/runs/BLCA_T14N03__kewrag__n__mistralai_Mixtral-8x7B-Instruct-v0.1__seed42__20250909_140723.csv,/home/yl3427/cylab/selfCorrectionAgent/runs2/BLCA_T14N03__kewrag__n__mistralai_Mixtral-8x7B-Instruct-v0.1__seed42__20250909_140723.csv,kewrag,n,mistralai/Mixtral-8x7B-Instruct-v0.1,42,,,,skip_existing_output
BLCA,Bladder Urothelial Carcinoma,/home/yl3427/cylab/selfCorrectionAgent/runs/BLCA_T14N03__kewrag__t__mistralai_Mixtral-8x7B-Instruct-v0.1__seed42__20250909_095649.csv,/home/yl3427/cylab/selfCorrectionAgent/runs2/BLCA_T14N03__kewrag__t__mistralai_Mixtral-8x7B-Instruct-v0.1__seed42__20250909_095649.csv,kewrag,t,mistralai/Mixtral-8x7B-Instruct-v0.1,42,,,,skip_existing_output
BLCA,Bladder Urothelial Carcinoma,/home/yl3427/cylab/selfCorrectionAgent/runs/BLCA_T14N03__rag__n__mistralai_Mixtral-8x7B-Instruct-v0.1__seed42__20250909_130518.csv,/home/yl3427/cylab/selfCorrectionAgent/runs2/BLCA_T14N03__rag__n__mistralai_Mixtral-8x7B-Instruct-v0.1__seed42__20250909_130518.csv,rag,n,mistralai/Mixtral-8x7B-Instruct-v0.1,42,,,,skip_existing_output
BLCA,Bladder Urothelial Carcinoma,/home/yl3427/cylab/selfCorrectionAgent/runs/BLCA_T14N03__rag__t__mistralai_Mixtral-8x7B-Instruct-v0.1__seed42__20250909_085627.csv,/home/yl3427/cylab/selfCorrectionAgent/runs2/BLCA_T14N03__rag__t__mistralai_Mixtral-8x7B-Instruct-v0.1__seed42__20250909_085627.csv,rag,t,mistralai/Mixtral-8x7B-Instruct-v0.1,42,,,,skip_existing_output
BLCA,Bladder Urothelial Carcinoma,/home/yl3427/cylab/selfCorrectionAgent/runs/BLCA_T14N03__zscot__n__mistralai_Mixtral-8x7B-Instruct-v0.1__seed42__20250909_120220.csv,/home/yl3427/cylab/selfCorrectionAgent/runs2/BLCA_T14N03__zscot__n__mistralai_Mixtral-8x7B-Instruct-v0.1__seed42__20250909_120220.csv,zscot,n,mistralai/Mixtral-8x7B-Instruct-v0.1,42,,,,skip_existing_output
BLCA,Bladder Urothelial Carcinoma,/home/yl3427/cylab/selfCorrectionAgent/runs/BLCA_T14N03__zscot__t__mistralai_Mixtral-8x7B-Instruct-v0.1__seed42__20250909_074557.csv,/home/yl3427/cylab/selfCorrectionAgent/runs2/BLCA_T14N03__zscot__t__mistralai_Mixtral-8x7B-Instruct-v0.1__seed42__20250909_074557.csv,zscot,t,mistralai/Mixtral-8x7B-Instruct-v0.1,42,,,,skip_existing_output
BRCA,Breast Invasive Carcinoma,/home/yl3427/cylab/selfCorrectionAgent/runs/BRCA_T14N03__kewltm__n__mistralai_Mixtral-8x7B-Instruct-v0.1__seed42__20250910_014126.csv,/home/yl3427/cylab/selfCorrectionAgent/runs2/BRCA_T14N03__kewltm__n__mistralai_Mixtral-8x7B-Instruct-v0.1__seed42__20250910_014126.csv,kewltm,n,mistralai/Mixtral-8x7B-Instruct-v0.1,42,,,,skip_existing_output
BRCA,Breast Invasive Carcinoma,/home/yl3427/cylab/selfCorrectionAgent/runs/BRCA_T14N03__kewltm__t__mistralai_Mixtral-8x7B-Instruct-v0.1__seed42__20250909_150326.csv,/home/yl3427/cylab/selfCorrectionAgent/runs2/BRCA_T14N03__kewltm__t__mistralai_Mixtral-8x7B-Instruct-v0.1__seed42__20250909_150326.csv,kewltm,t,mistralai/Mixtral-8x7B-Instruct-v0.1,42,,,,skip_existing_output
BRCA,Breast Invasive Carcinoma,/home/yl3427/cylab/selfCorrectionAgent/runs/BRCA_T14N03__kewrag__n__mistralai_Mixtral-8x7B-Instruct-v0.1__seed42__20250910_133732.csv,/home/yl3427/cylab/selfCorrectionAgent/runs2/BRCA_T14N03__kewrag__n__mistralai_Mixtral-8x7B-Instruct-v0.1__seed42__20250910_133732.csv,kewrag,n,mistralai/Mixtral-8x7B-Instruct-v0.1,42,,,,skip_existing_output
BRCA,Breast Invasive Carcinoma,/home/yl3427/cylab/selfCorrectionAgent/runs/BRCA_T14N03__kewrag__t__mistralai_Mixtral-8x7B-Instruct-v0.1__seed42__20250909_215249.csv,/home/yl3427/cylab/selfCorrectionAgent/runs2/BRCA_T14N03__kewrag__t__mistralai_Mixtral-8x7B-Instruct-v0.1__seed42__20250909_215249.csv,kewrag,t,mistralai/Mixtral-8x7B-Instruct-v0.1,42,,,,skip_existing_output
BRCA,Breast Invasive Carcinoma,/home/yl3427/cylab/selfCorrectionAgent/runs/BRCA_T14N03__rag__n__mistralai_Mixtral-8x7B-Instruct-v0.1__seed42__20250910_105936.csv,/home/yl3427/cylab/selfCorrectionAgent/runs2/BRCA_T14N03__rag__n__mistralai_Mixtral-8x7B-Instruct-v0.1__seed42__20250910_105936.csv,rag,n,mistralai/Mixtral-8x7B-Instruct-v0.1,42,,,,skip_existing_output
BRCA,Breast Invasive Carcinoma,/home/yl3427/cylab/selfCorrectionAgent/runs/BRCA_T14N03__rag__t__mistralai_Mixtral-8x7B-Instruct-v0.1__seed42__20250909_193536.csv,/home/yl3427/cylab/selfCorrectionAgent/runs2/BRCA_T14N03__rag__t__mistralai_Mixtral-8x7B-Instruct-v0.1__seed42__20250909_193536.csv,rag,t,mistralai/Mixtral-8x7B-Instruct-v0.1,42,,,,skip_existing_output
BRCA,Breast Invasive Carcinoma,/home/yl3427/cylab/selfCorrectionAgent/runs/BRCA_T14N03__zscot__n__mistralai_Mixtral-8x7B-Instruct-v0.1__seed42__20250910_080903.csv,/home/yl3427/cylab/selfCorrectionAgent/runs2/BRCA_T14N03__zscot__n__mistralai_Mixtral-8x7B-Instruct-v0.1__seed42__20250910_080903.csv,zscot,n,mistralai/Mixtral-8x7B-Instruct-v0.1,42,,,,skip_existing_output
BRCA,Breast Invasive Carcinoma,/home/yl3427/cylab/selfCorrectionAgent/runs/BRCA_T14N03__zscot__t__mistralai_Mixtral-8x7B-Instruct-v0.1__seed42__20250909_170159.csv,/home/yl3427/cylab/selfCorrectionAgent/runs2/BRCA_T14N03__zscot__t__mistralai_Mixtral-8x7B-Instruct-v0.1__seed42__20250909_170159.csv,zscot,t,mistralai/Mixtral-8x7B-Instruct-v0.1,42,,,,skip_existing_output
CESC,Cervical Squamous Cell Carcinoma and Endocervical Adenocarcinoma,/home/yl3427/cylab/selfCorrectionAgent/runs/CESC_T14N03__kewltm__n__mistralai_Mixtral-8x7B-Instruct-v0.1__seed42__20250910_222204.csv,/home/yl3427/cylab/selfCorrectionAgent/runs2/CESC_T14N03__kewltm__n__mistralai_Mixtral-8x7B-Instruct-v0.1__seed42__20250910_222204.csv,kewltm,n,mistralai/Mixtral-8x7B-Instruct-v0.1,42,,,,skip_existing_output
CESC,Cervical Squamous Cell Carcinoma and Endocervical Adenocarcinoma,/home/yl3427/cylab/selfCorrectionAgent/runs/CESC_T14N03__kewltm__t__mistralai_Mixtral-8x7B-Instruct-v0.1__seed42__20250910_184840.csv,/home/yl3427/cylab/selfCorrectionAgent/runs2/CESC_T14N03__kewltm__t__mistralai_Mixtral-8x7B-Instruct-v0.1__seed42__20250910_184840.csv,kewltm,t,mistralai/Mixtral-8x7B-Instruct-v0.1,42,,,,skip_existing_output
CESC,Cervical Squamous Cell Carcinoma and Endocervical Adenocarcinoma,/home/yl3427/cylab/selfCorrectionAgent/runs/CESC_T14N03__kewrag__n__mistralai_Mixtral-8x7B-Instruct-v0.1__seed42__20250910_235227.csv,/home/yl3427/cylab/selfCorrectionAgent/runs2/CESC_T14N03__kewrag__n__mistralai_Mixtral-8x7B-Instruct-v0.1__seed42__20250910_235227.csv,kewrag,n,mistralai/Mixtral-8x7B-Instruct-v0.1,42,,,,skip_existing_output
CESC,Cervical Squamous Cell Carcinoma and Endocervical Adenocarcinoma,/home/yl3427/cylab/selfCorrectionAgent/runs/CESC_T14N03__kewrag__t__mistralai_Mixtral-8x7B-Instruct-v0.1__seed42__20250910_213329.csv,/home/yl3427/cylab/selfCorrectionAgent/runs2/CESC_T14N03__kewrag__t__mistralai_Mixtral-8x7B-Instruct-v0.1__seed42__20250910_213329.csv,kewrag,t,mistralai/Mixtral-8x7B-Instruct-v0.1,42,,,,skip_existing_output
CESC,Cervical Squamous Cell Carcinoma and Endocervical Adenocarcinoma,/home/yl3427/cylab/selfCorrectionAgent/runs/CESC_T14N03__rag__n__mistralai_Mixtral-8x7B-Instruct-v0.1__seed42__20250910_232506.csv,/home/yl3427/cylab/selfCorrectionAgent/runs2/CESC_T14N03__rag__n__mistralai_Mixtral-8x7B-Instruct-v0.1__seed42__20250910_232506.csv,rag,n,mistralai/Mixtral-8x7B-Instruct-v0.1,42,,,,skip_existing_output
CESC,Cervical Squamous Cell Carcinoma and Endocervical Adenocarcinoma,/home/yl3427/cylab/selfCorrectionAgent/runs/CESC_T14N03__rag__t__mistralai_Mixtral-8x7B-Instruct-v0.1__seed42__20250910_203447.csv,/home/yl3427/cylab/selfCorrectionAgent/runs2/CESC_T14N03__rag__t__mistralai_Mixtral-8x7B-Instruct-v0.1__seed42__20250910_203447.csv,rag,t,mistralai/Mixtral-8x7B-Instruct-v0.1,42,,,,skip_existing_output
CESC,Cervical Squamous Cell Carcinoma and Endocervical Adenocarcinoma,/home/yl3427/cylab/selfCorrectionAgent/runs/CESC_T14N03__zscot__n__mistralai_Mixtral-8x7B-Instruct-v0.1__seed42__20250910_225756.csv,/home/yl3427/cylab/selfCorrectionAgent/runs2/CESC_T14N03__zscot__n__mistralai_Mixtral-8x7B-Instruct-v0.1__seed42__20250910_225756.csv,zscot,n,mistralai/Mixtral-8x7B-Instruct-v0.1,42,,,,skip_existing_output
CESC,Cervical Squamous Cell Carcinoma and Endocervical Adenocarcinoma,/home/yl3427/cylab/selfCorrectionAgent/runs/CESC_T14N03__zscot__t__mistralai_Mixtral-8x7B-Instruct-v0.1__seed42__20250910_195102.csv,/home/yl3427/cylab/selfCorrectionAgent/runs2/CESC_T14N03__zscot__t__mistralai_Mixtral-8x7B-Instruct-v0.1__seed42__20250910_195102.csv,zscot,t,mistralai/Mixtral-8x7B-Instruct-v0.1,42,,,,skip_existing_output
CHOL,Cholangiocarcinoma,/home/yl3427/cylab/selfCorrectionAgent/runs/CHOL_T14N03__kewltm__n__mistralai_Mixtral-8x7B-Instruct-v0.1__seed42__20250911_005610.csv,/home/yl3427/cylab/selfCorrectionAgent/runs2/CHOL_T14N03__kewltm__n__mistralai_Mixtral-8x7B-Instruct-v0.1__seed42__20250911_005610.csv,kewltm,n,mistralai/Mixtral-8x7B-Instruct-v0.1,42,,,,skip_existing_output
CHOL,Cholangiocarcinoma,/home/yl3427/cylab/selfCorrectionAgent/runs/CHOL_T14N03__kewltm__t__mistralai_Mixtral-8x7B-Instruct-v0.1__seed42__20250911_002733.csv,/home/yl3427/cylab/selfCorrectionAgent/runs2/CHOL_T14N03__kewltm__t__mistralai_Mixtral-8x7B-Instruct-v0.1__seed42__20250911_002733.csv,kewltm,t,mistralai/Mixtral-8x7B-Instruct-v0.1,42,,,,skip_existing_output
CHOL,Cholangiocarcinoma,/home/yl3427/cylab/selfCorrectionAgent/runs/CHOL_T14N03__kewrag__n__mistralai_Mixtral-8x7B-Instruct-v0.1__seed42__20250911_014251.csv,/home/yl3427/cylab/selfCorrectionAgent/runs2/CHOL_T14N03__kewrag__n__mistralai_Mixtral-8x7B-Instruct-v0.1__seed42__20250911_014251.csv,kewrag,n,mistralai/Mixtral-8x7B-Instruct-v0.1,42,,,,skip_existing_output
CHOL,Cholangiocarcinoma,/home/yl3427/cylab/selfCorrectionAgent/runs/CHOL_T14N03__kewrag__t__mistralai_Mixtral-8x7B-Instruct-v0.1__seed42__20250911_004202.csv,/home/yl3427/cylab/selfCorrectionAgent/runs2/CHOL_T14N03__kewrag__t__mistralai_Mixtral-8x7B-Instruct-v0.1__seed42__20250911_004202.csv,kewrag,t,mistralai/Mixtral-8x7B-Instruct-v0.1,42,,,,skip_existing_output
CHOL,Cholangiocarcinoma,/home/yl3427/cylab/selfCorrectionAgent/runs/CHOL_T14N03__rag__n__mistralai_Mixtral-8x7B-Instruct-v0.1__seed42__20250911_012108.csv,/home/yl3427/cylab/selfCorrectionAgent/runs2/CHOL_T14N03__rag__n__mistralai_Mixtral-8x7B-Instruct-v0.1__seed42__20250911_012108.csv,rag,n,mistralai/Mixtral-8x7B-Instruct-v0.1,42,,,,skip_existing_output
CHOL,Cholangiocarcinoma,/home/yl3427/cylab/selfCorrectionAgent/runs/CHOL_T14N03__rag__t__mistralai_Mixtral-8x7B-Instruct-v0.1__seed42__20250911_003659.csv,/home/yl3427/cylab/selfCorrectionAgent/runs2/CHOL_T14N03__rag__t__mistralai_Mixtral-8x7B-Instruct-v0.1__seed42__20250911_003659.csv,rag,t,mistralai/Mixtral-8x7B-Instruct-v0.1,42,,,,skip_existing_output
CHOL,Cholangiocarcinoma,/home/yl3427/cylab/selfCorrectionAgent/runs/CHOL_T14N03__zscot__n__mistralai_Mixtral-8x7B-Instruct-v0.1__seed42__20250911_010833.csv,/home/yl3427/cylab/selfCorrectionAgent/runs2/CHOL_T14N03__zscot__n__mistralai_Mixtral-8x7B-Instruct-v0.1__seed42__20250911_010833.csv,zscot,n,mistralai/Mixtral-8x7B-Instruct-v0.1,42,,,,skip_existing_output
CHOL,Cholangiocarcinoma,/home/yl3427/cylab/selfCorrectionAgent/runs/CHOL_T14N03__zscot__t__mistralai_Mixtral-8x7B-Instruct-v0.1__seed42__20250911_003155.csv,/home/yl3427/cylab/selfCorrectionAgent/runs2/CHOL_T14N03__zscot__t__mistralai_Mixtral-8x7B-Instruct-v0.1__seed42__20250911_003155.csv,zscot,t,mistralai/Mixtral-8x7B-Instruct-v0.1,42,,,,skip_existing_output
COAD,Colon Adenocarcinoma,/home/yl3427/cylab/selfCorrectionAgent/runs/COAD_T14N03__kewltm__n__mistralai_Mixtral-8x7B-Instruct-v0.1__seed42__20250911_055245.csv,/home/yl3427/cylab/selfCorrectionAgent/runs2/COAD_T14N03__kewltm__n__mistralai_Mixtral-8x7B-Instruct-v0.1__seed42__20250911_055245.csv,kewltm,n,mistralai/Mixtral-8x7B-Instruct-v0.1,42,,,,skip_existing_output
COAD,Colon Adenocarcinoma,/home/yl3427/cylab/selfCorrectionAgent/runs/COAD_T14N03__kewltm__t__mistralai_Mixtral-8x7B-Instruct-v0.1__seed42__20250911_014544.csv,/home/yl3427/cylab/selfCorrectionAgent/runs2/COAD_T14N03__kewltm__t__mistralai_Mixtral-8x7B-Instruct-v0.1__seed42__20250911_014544.csv,kewltm,t,mistralai/Mixtral-8x7B-Instruct-v0.1,42,,,,skip_existing_output
COAD,Colon Adenocarcinoma,/home/yl3427/cylab/selfCorrectionAgent/runs/COAD_T14N03__kewrag__n__mistralai_Mixtral-8x7B-Instruct-v0.1__seed42__20250911_092804.csv,/home/yl3427/cylab/selfCorrectionAgent/runs2/COAD_T14N03__kewrag__n__mistralai_Mixtral-8x7B-Instruct-v0.1__seed42__20250911_092804.csv,kewrag,n,mistralai/Mixtral-8x7B-Instruct-v0.1,42,,,,skip_existing_output
COAD,Colon Adenocarcinoma,/home/yl3427/cylab/selfCorrectionAgent/runs/COAD_T14N03__kewrag__t__mistralai_Mixtral-8x7B-Instruct-v0.1__seed42__20250911_051755.csv,/home/yl3427/cylab/selfCorrectionAgent/runs2/COAD_T14N03__kewrag__t__mistralai_Mixtral-8x7B-Instruct-v0.1__seed42__20250911_051755.csv,kewrag,t,mistralai/Mixtral-8x7B-Instruct-v0.1,42,,,,skip_existing_output
COAD,Colon Adenocarcinoma,/home/yl3427/cylab/selfCorrectionAgent/runs/COAD_T14N03__rag__n__mistralai_Mixtral-8x7B-Instruct-v0.1__seed42__20250911_090109.csv,/home/yl3427/cylab/selfCorrectionAgent/runs2/COAD_T14N03__rag__n__mistralai_Mixtral-8x7B-Instruct-v0.1__seed42__20250911_090109.csv,rag,n,mistralai/Mixtral-8x7B-Instruct-v0.1,42,,,,skip_existing_output
COAD,Colon Adenocarcinoma,/home/yl3427/cylab/selfCorrectionAgent/runs/COAD_T14N03__rag__t__mistralai_Mixtral-8x7B-Instruct-v0.1__seed42__20250911_043142.csv,/home/yl3427/cylab/selfCorrectionAgent/runs2/COAD_T14N03__rag__t__mistralai_Mixtral-8x7B-Instruct-v0.1__seed42__20250911_043142.csv,rag,t,mistralai/Mixtral-8x7B-Instruct-v0.1,42,,,,skip_existing_output
COAD,Colon Adenocarcinoma,/home/yl3427/cylab/selfCorrectionAgent/runs/COAD_T14N03__zscot__n__mistralai_Mixtral-8x7B-Instruct-v0.1__seed42__20250911_074615.csv,/home/yl3427/cylab/selfCorrectionAgent/runs2/COAD_T14N03__zscot__n__mistralai_Mixtral-8x7B-Instruct-v0.1__seed42__20250911_074615.csv,zscot,n,mistralai/Mixtral-8x7B-Instruct-v0.1,42,,,,skip_existing_output
COAD,Colon Adenocarcinoma,/home/yl3427/cylab/selfCorrectionAgent/runs/COAD_T14N03__zscot__t__mistralai_Mixtral-8x7B-Instruct-v0.1__seed42__20250911_031641.csv,/home/yl3427/cylab/selfCorrectionAgent/runs2/COAD_T14N03__zscot__t__mistralai_Mixtral-8x7B-Instruct-v0.1__seed42__20250911_031641.csv,zscot,t,mistralai/Mixtral-8x7B-Instruct-v0.1,42,,,,skip_existing_output
ESCA,Esophageal Carcinoma,/home/yl3427/cylab/selfCorrectionAgent/runs/ESCA_T14N03__kewltm__n__mistralai_Mixtral-8x7B-Instruct-v0.1__seed42__20250911_120020.csv,/home/yl3427/cylab/selfCorrectionAgent/runs2/ESCA_T14N03__kewltm__n__mistralai_Mixtral-8x7B-Instruct-v0.1__seed42__20250911_120020.csv,kewltm,n,mistralai/Mixtral-8x7B-Instruct-v0.1,42,,,,skip_existing_output
ESCA,Esophageal Carcinoma,/home/yl3427/cylab/selfCorrectionAgent/runs/ESCA_T14N03__kewltm__t__mistralai_Mixtral-8x7B-Instruct-v0.1__seed42__20250911_095103.csv,/home/yl3427/cylab/selfCorrectionAgent/runs2/ESCA_T14N03__kewltm__t__mistralai_Mixtral-8x7B-Instruct-v0.1__seed42__20250911_095103.csv,kewltm,t,mistralai/Mixtral-8x7B-Instruct-v0.1,42,,,,skip_existing_output
ESCA,Esophageal Carcinoma,/home/yl3427/cylab/selfCorrectionAgent/runs/ESCA_T14N03__kewrag__n__mistralai_Mixtral-8x7B-Instruct-v0.1__seed42__20250911_134023.csv,/home/yl3427/cylab/selfCorrectionAgent/runs2/ESCA_T14N03__kewrag__n__mistralai_Mixtral-8x7B-Instruct-v0.1__seed42__20250911_134023.csv,kewrag,n,mistralai/Mixtral-8x7B-Instruct-v0.1,42,,,,skip_existing_output
ESCA,Esophageal Carcinoma,/home/yl3427/cylab/selfCorrectionAgent/runs/ESCA_T14N03__kewrag__t__mistralai_Mixtral-8x7B-Instruct-v0.1__seed42__20250911_113139.csv,/home/yl3427/cylab/selfCorrectionAgent/runs2/ESCA_T14N03__kewrag__t__mistralai_Mixtral-8x7B-Instruct-v0.1__seed42__20250911_113139.csv,kewrag,t,mistralai/Mixtral-8x7B-Instruct-v0.1,42,5,1,4,ok
ESCA,Esophageal Carcinoma,/home/yl3427/cylab/selfCorrectionAgent/runs/ESCA_T14N03__rag__n__mistralai_Mixtral-8x7B-Instruct-v0.1__seed42__20250911_132934.csv,/home/yl3427/cylab/selfCorrectionAgent/runs2/ESCA_T14N03__rag__n__mistralai_Mixtral-8x7B-Instruct-v0.1__seed42__20250911_132934.csv,rag,n,mistralai/Mixtral-8x7B-Instruct-v0.1,42,1,0,1,ok
ESCA,Esophageal Carcinoma,/home/yl3427/cylab/selfCorrectionAgent/runs/ESCA_T14N03__rag__t__mistralai_Mixtral-8x7B-Instruct-v0.1__seed42__20250911_112201.csv,/home/yl3427/cylab/selfCorrectionAgent/runs2/ESCA_T14N03__rag__t__mistralai_Mixtral-8x7B-Instruct-v0.1__seed42__20250911_112201.csv,rag,t,mistralai/Mixtral-8x7B-Instruct-v0.1,42,1,0,1,ok
